-- phpMyAdmin SQL Dump
-- version 5.2.1
-- https://www.phpmyadmin.net/
--
-- Host: 127.0.0.1
-- Generation Time: Sep 28, 2024 at 05:59 PM
-- Server version: 10.4.32-MariaDB
-- PHP Version: 8.2.12

SET SQL_MODE = "NO_AUTO_VALUE_ON_ZERO";
START TRANSACTION;
SET time_zone = "+00:00";


/*!40101 SET @OLD_CHARACTER_SET_CLIENT=@@CHARACTER_SET_CLIENT */;
/*!40101 SET @OLD_CHARACTER_SET_RESULTS=@@CHARACTER_SET_RESULTS */;
/*!40101 SET @OLD_COLLATION_CONNECTION=@@COLLATION_CONNECTION */;
/*!40101 SET NAMES utf8mb4 */;

--
-- Database: `kas`
--

-- --------------------------------------------------------

--
-- Table structure for table `bulan_pembayaran`
--

CREATE TABLE `bulan_pembayaran` (
  `id_bulan_pembayaran` int(11) NOT NULL,
  `nama_bulan` enum('januari','februari','maret','april','mei','juni','juli','agustus','september','oktober','november','desember') NOT NULL,
  `tahun` int(4) NOT NULL,
  `pembayaran_perminggu` int(11) NOT NULL
) ENGINE=InnoDB DEFAULT CHARSET=utf8mb4 COLLATE=utf8mb4_general_ci;

--
-- Dumping data for table `bulan_pembayaran`
--

INSERT INTO `bulan_pembayaran` (`id_bulan_pembayaran`, `nama_bulan`, `tahun`, `pembayaran_perminggu`) VALUES
(3, 'september', 2024, 5000);

-- --------------------------------------------------------

--
-- Table structure for table `jabatan`
--

CREATE TABLE `jabatan` (
  `id_jabatan` int(11) NOT NULL,
  `nama_jabatan` varchar(100) NOT NULL
) ENGINE=InnoDB DEFAULT CHARSET=utf8mb4 COLLATE=utf8mb4_general_ci;

--
-- Dumping data for table `jabatan`
--

INSERT INTO `jabatan` (`id_jabatan`, `nama_jabatan`) VALUES
(1, 'administrator'),
(2, 'bendahara'),
(3, 'guru');

-- --------------------------------------------------------

--
-- Table structure for table `pengeluaran`
--

CREATE TABLE `pengeluaran` (
  `id_pengeluaran` int(11) NOT NULL,
  `jumlah_pengeluaran` int(11) NOT NULL,
  `keterangan` text NOT NULL,
  `tanggal_pengeluaran` int(11) NOT NULL,
  `id_user` int(11) NOT NULL
) ENGINE=InnoDB DEFAULT CHARSET=utf8mb4 COLLATE=utf8mb4_general_ci;

-- --------------------------------------------------------

--
-- Table structure for table `riwayat`
--

CREATE TABLE `riwayat` (
  `id_riwayat` int(11) NOT NULL,
  `id_user` int(11) NOT NULL,
  `id_uang_kas` int(11) NOT NULL,
  `aksi` text NOT NULL,
  `tanggal` int(11) NOT NULL
) ENGINE=InnoDB DEFAULT CHARSET=utf8mb4 COLLATE=utf8mb4_general_ci;

--
-- Dumping data for table `riwayat`
--

INSERT INTO `riwayat` (`id_riwayat`, `id_user`, `id_uang_kas`, `aksi`, `tanggal`) VALUES
(1, 1, 2, 'telah mengubah pembayaran minggu ke-1 dari Rp. 0 menjadi Rp. 5,000', 1611256476),
(2, 1, 2, 'telah mengubah pembayaran minggu ke-2 dari Rp. 0 menjadi Rp. 5,000', 1611256479),
(3, 1, 2, 'telah mengubah pembayaran minggu ke-3 dari Rp. 0 menjadi Rp. 5,000', 1611256484),
(4, 1, 2, 'telah mengubah pembayaran minggu ke-4 dari Rp. 0 menjadi Rp. 4,000', 1611256488),
(5, 1, 1, 'telah mengubah pembayaran minggu ke-1 dari Rp. 0 menjadi Rp. 5,000', 1611256492),
(6, 1, 1, 'telah mengubah pembayaran minggu ke-2 dari Rp. 0 menjadi Rp. 5,000', 1611256495),
(7, 1, 1, 'telah mengubah pembayaran minggu ke-3 dari Rp. 0 menjadi Rp. 5,000', 1611256500),
(8, 1, 1, 'telah mengubah pembayaran minggu ke-4 dari Rp. 0 menjadi Rp. 5,000', 1611256504),
(9, 1, 3, 'telah mengubah pembayaran minggu ke-1 dari Rp. 0 menjadi Rp. 5,000', 1611256508),
(10, 1, 3, 'telah mengubah pembayaran minggu ke-2 dari Rp. 0 menjadi Rp. 5,000', 1611256512),
(11, 1, 4, 'telah mengubah pembayaran minggu ke-1 dari Rp. 0 menjadi Rp. 500', 1611256518),
(12, 1, 4, 'telah mengubah pembayaran minggu ke-1 dari Rp. 500 menjadi Rp. 5,000', 1611256526),
(13, 1, 5, 'telah mengubah pembayaran minggu ke-1 dari Rp. 0 menjadi Rp. 5,000', 1611256530),
(14, 1, 5, 'telah mengubah pembayaran minggu ke-2 dari Rp. 0 menjadi Rp. 5,000', 1611256534),
(15, 1, 2, 'telah mengubah pembayaran minggu ke-4 dari Rp. 4,000 menjadi Rp. 3,000', 1611257026),
(16, 1, 2, 'telah mengubah pembayaran minggu ke-4 dari Rp. 3,000 menjadi Rp. 5,000', 1652453172),
(17, 1, 3, 'telah mengubah pembayaran minggu ke-3 dari Rp. 0 menjadi Rp. 5,000', 1652453181),
(18, 1, 3, 'telah mengubah pembayaran minggu ke-4 dari Rp. 0 menjadi Rp. 5,000', 1652453187),
(19, 1, 4, 'telah mengubah pembayaran minggu ke-2 dari Rp. 0 menjadi Rp. 5,000', 1652453192),
(20, 1, 4, 'telah mengubah pembayaran minggu ke-3 dari Rp. 0 menjadi Rp. 5,000', 1652453196),
(21, 1, 4, 'telah mengubah pembayaran minggu ke-4 dari Rp. 0 menjadi Rp. 5,000', 1652453201),
(22, 1, 5, 'telah mengubah pembayaran minggu ke-3 dari Rp. 0 menjadi Rp. 5,000', 1652453205),
(23, 1, 5, 'telah mengubah pembayaran minggu ke-4 dari Rp. 0 menjadi Rp. 5,000', 1652453209),
(24, 1, 11, 'telah mengubah pembayaran minggu ke-1 dari Rp. 0 menjadi Rp. 5,000', 1652453353),
(25, 1, 11, 'telah mengubah pembayaran minggu ke-2 dari Rp. 0 menjadi Rp. 5,000', 1652453358),
(26, 1, 11, 'telah mengubah pembayaran minggu ke-3 dari Rp. 0 menjadi Rp. 5,000', 1652453362),
(27, 1, 11, 'telah mengubah pembayaran minggu ke-4 dari Rp. 0 menjadi Rp. 5,000', 1652453366),
(28, 2, 11, 'telah mengubah pembayaran minggu ke-4 dari Rp. 5,000 menjadi Rp. 1,000', 1652454260),
(29, 2, 11, 'telah mengubah pembayaran minggu ke-4 dari Rp. 1,000 menjadi Rp. 5,000', 1652454272),
(30, 1, 12, 'telah mengubah pembayaran minggu ke-1 dari Rp. 0 menjadi Rp. 1,000', 1727538582),
(31, 1, 12, 'telah mengubah pembayaran minggu ke-1 dari Rp. 1,000 menjadi Rp. 0', 1727538685);

-- --------------------------------------------------------

--
-- Table structure for table `riwayat_pengeluaran`
--

CREATE TABLE `riwayat_pengeluaran` (
  `id_riwayat_pengeluaran` int(11) NOT NULL,
  `id_user` int(11) NOT NULL,
  `aksi` text NOT NULL,
  `tanggal` int(11) NOT NULL
) ENGINE=InnoDB DEFAULT CHARSET=utf8mb4 COLLATE=utf8mb4_general_ci;

--
-- Dumping data for table `riwayat_pengeluaran`
--

INSERT INTO `riwayat_pengeluaran` (`id_riwayat_pengeluaran`, `id_user`, `aksi`, `tanggal`) VALUES
(1, 1, 'telah menambahkan pengeluaran Pembersih lantai dengan biaya Rp. 2,000', 1611256576),
(2, 1, 'telah menambahkan pengeluaran sapu x1 dengan biaya Rp. 10,000', 1611256589),
(3, 1, 'telah mengubah pengeluaran Pembersih lantai 2x dari biaya Rp. 2,000 menjadi Rp. 2,000', 1611256595),
(4, 1, 'telah mengubah pengeluaran Pembersih lantai x2 dari biaya Rp. 2,000 menjadi Rp. 2,000', 1611256599),
(5, 1, 'telah menambahkan pengeluaran Beli Sapu 2pcs dengan biaya Rp. 20,000', 1652453635),
(6, 1, 'telah menambahkan pengeluaran Beli Pel Lantai 2pcs dengan biaya Rp. 28,000', 1652453668),
(7, 1, 'telah menambahkan pengeluaran Beli Sabun Pel 12pcs (1 renceng) dengan biaya Rp. 10,000', 1652453690),
(8, 1, 'telah menambahkan pengeluaran Beli Spidol hitam 3pcs dengan biaya Rp. 30,000', 1652453749),
(9, 1, 'telah menambahkan pengeluaran Penghapus Papan Tulis dengan biaya Rp. 9,000', 1652453779),
(10, 1, 'telah mengubah pengeluaran Beli Spidol hitam 2pcs dari biaya Rp. 30,000 menjadi Rp. 20,000', 1652453803),
(11, 1, 'telah menambahkan pengeluaran Ember Anti Pecah dengan biaya Rp. 35,000', 1652453820),
(12, 1, 'telah mengubah pengeluaran Beli Wipol Pel 12pcs (1 renceng) dari biaya Rp. 10,000 menjadi Rp. 10,000', 1652453855),
(13, 1, 'telah mengubah pengeluaran Beli Pel Lantai 1pcs dari biaya Rp. 28,000 menjadi Rp. 15,000', 1652453877),
(14, 1, 'telah mengubah pengeluaran Ember Anti Pecah dari biaya Rp. 35,000 menjadi Rp. 40,000', 1652453886),
(15, 1, 'telah mengubah pengeluaran Beli Spidol Hitam 2pcs dari biaya Rp. 20,000 menjadi Rp. 20,000', 1652453900);

-- --------------------------------------------------------

--
-- Table structure for table `siswa`
--

CREATE TABLE `siswa` (
  `id_siswa` int(11) NOT NULL,
  `nama_siswa` varchar(100) NOT NULL,
  `jenis_kelamin` enum('pria','wanita') NOT NULL,
  `no_telepon` varchar(25) NOT NULL,
  `email` varchar(255) NOT NULL
) ENGINE=InnoDB DEFAULT CHARSET=utf8mb4 COLLATE=utf8mb4_general_ci;

--
-- Dumping data for table `siswa`
--

INSERT INTO `siswa` (`id_siswa`, `nama_siswa`, `jenis_kelamin`, `no_telepon`, `email`) VALUES
(8, 'ADE SOFIAN	', 'pria', '', '2414101017	'),
(9, 'AJENG NURMELIA SARDI	', 'wanita', '', '2414101030	'),
(10, 'ALMA KARIMATUSYFA	', 'wanita', '', '2414101031	'),
(11, 'AMELIA AHMAD PUTRI	', 'wanita', '', '2414101084	'),
(12, 'ANGGA NUGRAHA	', 'pria', '', '2414101060	'),
(13, 'ASEP SUKIRMAN	', 'pria', '', '2414101047	'),
(14, 'ASEP RIKI HIDAYAT	', 'pria', '', '2414101087	'),
(15, 'DANI SEPTIYANA	', 'pria', '', '2414101093	'),
(16, 'DARREN DENDY HIDAYAT	', 'pria', '', '2414101097	'),
(17, 'ENCE FATUROHMAN	', 'pria', '', '2414101095	'),
(18, 'GELAR KARISMA SAPUTRA	', 'pria', '', '2414101046	'),
(19, 'ILHAM ESA PRADITHA CHANDRA	', 'pria', '', '2414101101	'),
(20, 'INTAN SULISTIANTI	', 'wanita', '', '2414101071	'),
(22, 'JA&#039;FAR SULAIMAN	', 'pria', '', '2414101074	'),
(23, 'KHOLIS	', 'pria', '', '2414101009	'),
(24, 'M RIZIQ DAMAR MAULIDA', 'pria', '', '2414101086	'),
(25, 'MOCH LUTFI HILMI FATHUROHMAN	', 'pria', '', '2414101066	'),
(26, 'MUHAMAD ADAM NURHIDAYAT	', 'pria', '', '2414101014	'),
(27, 'MUHAMAD FAHMI	', 'pria', '', '2414101058	'),
(28, 'MUHAMAD HAISYAM KHAIRIZMI	', 'pria', '', '2414101091	'),
(29, 'MUHAMAD JIBRIL	', 'pria', '', '2414101090	'),
(30, 'NOVA EKA PRASETYO GUNAWAN	', 'pria', '', '2414101053	'),
(31, 'PANGKI DESWA RAYHANDI	', 'pria', '', '2414101078	'),
(32, 'RADITYA ARDIAN MULYANA	', 'pria', '', '2414101049	'),
(33, 'RAMA NURUL HUDA	', 'pria', '', '2414101033	'),
(34, 'RANGGA FIRDAUS PAZRI	', 'pria', '', '2414101072	'),
(35, 'RIFAL FAUZI	', 'pria', '', '2414101079	');

-- --------------------------------------------------------

--
-- Table structure for table `uang_kas`
--

CREATE TABLE `uang_kas` (
  `id_uang_kas` int(11) NOT NULL,
  `id_siswa` int(11) NOT NULL,
  `id_bulan_pembayaran` int(11) NOT NULL,
  `minggu_ke_1` int(11) DEFAULT NULL,
  `minggu_ke_2` int(11) DEFAULT NULL,
  `minggu_ke_3` int(11) DEFAULT NULL,
  `minggu_ke_4` int(11) DEFAULT NULL,
  `status_lunas` int(11) NOT NULL
) ENGINE=InnoDB DEFAULT CHARSET=utf8mb4 COLLATE=utf8mb4_general_ci;

--
-- Dumping data for table `uang_kas`
--

INSERT INTO `uang_kas` (`id_uang_kas`, `id_siswa`, `id_bulan_pembayaran`, `minggu_ke_1`, `minggu_ke_2`, `minggu_ke_3`, `minggu_ke_4`, `status_lunas`) VALUES
(12, 8, 3, 0, 0, 0, 0, 0),
(13, 9, 3, 0, 0, 0, 0, 0),
(14, 10, 3, 0, 0, 0, 0, 0),
(15, 11, 3, 0, 0, 0, 0, 0),
(16, 12, 3, 0, 0, 0, 0, 0),
(17, 13, 3, 0, 0, 0, 0, 0),
(18, 14, 3, 0, 0, 0, 0, 0),
(19, 15, 3, 0, 0, 0, 0, 0),
(20, 16, 3, 0, 0, 0, 0, 0),
(21, 17, 3, 0, 0, 0, 0, 0),
(22, 18, 3, 0, 0, 0, 0, 0),
(23, 19, 3, 0, 0, 0, 0, 0),
(24, 20, 3, 0, 0, 0, 0, 0),
(25, 22, 3, 0, 0, 0, 0, 0),
(26, 23, 3, 0, 0, 0, 0, 0),
(27, 24, 3, 0, 0, 0, 0, 0),
(28, 25, 3, 0, 0, 0, 0, 0),
(29, 26, 3, 0, 0, 0, 0, 0),
(30, 27, 3, 0, 0, 0, 0, 0),
(31, 28, 3, 0, 0, 0, 0, 0),
(32, 29, 3, 0, 0, 0, 0, 0),
(33, 30, 3, 0, 0, 0, 0, 0),
(34, 31, 3, 0, 0, 0, 0, 0),
(35, 32, 3, 0, 0, 0, 0, 0),
(36, 33, 3, 0, 0, 0, 0, 0),
(37, 34, 3, 0, 0, 0, 0, 0),
(38, 35, 3, 0, 0, 0, 0, 0);

-- --------------------------------------------------------

--
-- Table structure for table `user`
--

CREATE TABLE `user` (
  `id_user` int(11) NOT NULL,
  `nama_lengkap` varchar(100) NOT NULL,
  `username` varchar(100) NOT NULL,
  `password` varchar(255) NOT NULL,
  `id_jabatan` int(11) NOT NULL
) ENGINE=InnoDB DEFAULT CHARSET=utf8mb4 COLLATE=utf8mb4_general_ci;

--
-- Dumping data for table `user`
--

INSERT INTO `user` (`id_user`, `nama_lengkap`, `username`, `password`, `id_jabatan`) VALUES
(1, 'Muhamad Haisyam Khairizmi', 'haisyam', '$2y$10$RtlG8gY2cp/2BYEeMBJ2C.tMli1qvWGCoT/jkKIZVNrRJ/4cGbbTm', 1),
(3, 'Anggota Kelas', 'Kelas', '$2a$10$NcR68GokbUIrDX0GBtAkbefHai3SEKWXqwt6T2FE.q8jOa2qFqukO', 3),
(4, 'INTAN SULISTIANTI', '2414101071', '$2y$10$TXsX6Bv8Q0mlimtlxS27Z.n.ru4tM4uSv7/nR7VdSO7Bhn1ENA82W', 2),
(5, 'ALMA KARIMATUSYFA', '2414101031', '$2y$10$Fcve.CN8lwPBLmCuGanZf.EqUlwtjCeDiS1uOojcaqZO3tuzCN9vi', 2);

--
-- Indexes for dumped tables
--

--
-- Indexes for table `bulan_pembayaran`
--
ALTER TABLE `bulan_pembayaran`
  ADD PRIMARY KEY (`id_bulan_pembayaran`);

--
-- Indexes for table `jabatan`
--
ALTER TABLE `jabatan`
  ADD PRIMARY KEY (`id_jabatan`);

--
-- Indexes for table `pengeluaran`
--
ALTER TABLE `pengeluaran`
  ADD PRIMARY KEY (`id_pengeluaran`),
  ADD KEY `id_user` (`id_user`);

--
-- Indexes for table `riwayat`
--
ALTER TABLE `riwayat`
  ADD PRIMARY KEY (`id_riwayat`),
  ADD KEY `id_user` (`id_user`),
  ADD KEY `id_uang_kas` (`id_uang_kas`);

--
-- Indexes for table `riwayat_pengeluaran`
--
ALTER TABLE `riwayat_pengeluaran`
  ADD PRIMARY KEY (`id_riwayat_pengeluaran`),
  ADD KEY `id_user` (`id_user`);

--
-- Indexes for table `siswa`
--
ALTER TABLE `siswa`
  ADD PRIMARY KEY (`id_siswa`);

--
-- Indexes for table `uang_kas`
--
ALTER TABLE `uang_kas`
  ADD PRIMARY KEY (`id_uang_kas`),
  ADD KEY `id_siswa` (`id_siswa`),
  ADD KEY `id_bulan_pembayaran` (`id_bulan_pembayaran`);

--
-- Indexes for table `user`
--
ALTER TABLE `user`
  ADD PRIMARY KEY (`id_user`),
  ADD KEY `id_jabatan` (`id_jabatan`);

--
-- AUTO_INCREMENT for dumped tables
--

--
-- AUTO_INCREMENT for table `bulan_pembayaran`
--
ALTER TABLE `bulan_pembayaran`
  MODIFY `id_bulan_pembayaran` int(11) NOT NULL AUTO_INCREMENT, AUTO_INCREMENT=4;

--
-- AUTO_INCREMENT for table `jabatan`
--
ALTER TABLE `jabatan`
  MODIFY `id_jabatan` int(11) NOT NULL AUTO_INCREMENT, AUTO_INCREMENT=4;

--
-- AUTO_INCREMENT for table `pengeluaran`
--
ALTER TABLE `pengeluaran`
  MODIFY `id_pengeluaran` int(11) NOT NULL AUTO_INCREMENT, AUTO_INCREMENT=7;

--
-- AUTO_INCREMENT for table `riwayat`
--
ALTER TABLE `riwayat`
  MODIFY `id_riwayat` int(11) NOT NULL AUTO_INCREMENT, AUTO_INCREMENT=32;

--
-- AUTO_INCREMENT for table `riwayat_pengeluaran`
--
ALTER TABLE `riwayat_pengeluaran`
  MODIFY `id_riwayat_pengeluaran` int(11) NOT NULL AUTO_INCREMENT, AUTO_INCREMENT=16;

--
-- AUTO_INCREMENT for table `siswa`
--
ALTER TABLE `siswa`
  MODIFY `id_siswa` int(11) NOT NULL AUTO_INCREMENT, AUTO_INCREMENT=36;

--
-- AUTO_INCREMENT for table `uang_kas`
--
ALTER TABLE `uang_kas`
  MODIFY `id_uang_kas` int(11) NOT NULL AUTO_INCREMENT, AUTO_INCREMENT=39;

--
-- AUTO_INCREMENT for table `user`
--
ALTER TABLE `user`
  MODIFY `id_user` int(11) NOT NULL AUTO_INCREMENT, AUTO_INCREMENT=6;
COMMIT;

/*!40101 SET CHARACTER_SET_CLIENT=@OLD_CHARACTER_SET_CLIENT */;
/*!40101 SET CHARACTER_SET_RESULTS=@OLD_CHARACTER_SET_RESULTS */;
/*!40101 SET COLLATION_CONNECTION=@OLD_COLLATION_CONNECTION */;
